{"cameraMode":{"drawMode":0,"name":"Shaded","section":"Shading Mode"},"sceneLighting":true,"audioPlay":false,"sceneViewState":{"m_AlwaysRefresh":false,"showFog":true,"showSkybox":true,"showFlares":true,"showImageEffects":true,"showParticleSystems":true,"showVisualEffectGraphs":true,"m_FxEnabled":true},"in2DMode":false,"pivot":{"x":-0.05215644836425781,"y":0.8127760887145996,"z":0.4240579605102539},"rotation":{"x":-0.2264052778482437,"y":-0.10728177428245545,"z":0.025099003687500955,"w":-0.967781662940979},"size":2.3945345878601076,"orthographic":false}