{"cameraMode":{"drawMode":0,"name":"Shaded","section":"Shading Mode"},"sceneLighting":true,"audioPlay":false,"sceneViewState":{"m_AlwaysRefresh":false,"showFog":true,"showSkybox":true,"showFlares":true,"showImageEffects":true,"showParticleSystems":true,"showVisualEffectGraphs":true,"m_FxEnabled":true},"in2DMode":false,"pivot":{"x":2.4778504371643068,"y":4.774440765380859,"z":-5.719903469085693},"rotation":{"x":0.2170673906803131,"y":0.04010728746652603,"z":-0.008928252384066582,"w":0.9752792716026306},"size":10.252277374267579,"orthographic":true}