{"cameraMode":{"drawMode":0,"name":"Shaded","section":"Shading Mode"},"sceneLighting":true,"audioPlay":false,"sceneViewState":{"m_AlwaysRefresh":false,"showFog":true,"showSkybox":true,"showFlares":true,"showImageEffects":true,"showParticleSystems":true,"showVisualEffectGraphs":true,"m_FxEnabled":true},"in2DMode":false,"pivot":{"x":3.590000867843628,"y":2.819406509399414,"z":0.04105210304260254},"rotation":{"x":0.14656983315944673,"y":-0.6653237342834473,"z":0.1355597823858261,"w":0.7193530797958374},"size":3.8290371894836427,"orthographic":true}